x1,x2,x3,x4,x5,y
0.4967141530112327,0.9261775475316414,1.3993554365860021,0.7783610761666377,-0.6751782749743815,2.084213695281255
-0.13826430117118466,1.9094166404701305,0.9246336829127688,-0.5511857163285334,-0.14451867071551783,1.30072318369476
0.6476885381006925,-1.3985675738191412,0.05963036992017413,-0.8181988834223072,-0.7924199209999613,-0.3090100709881976
1.5230298564080254,0.5629692366905709,-0.6469367777055739,-0.0033744574109520514,-0.3079615296390403,6.462034514801417
-0.23415337472333597,-0.6506425691218269,0.6982233136135899,-0.17018462252492844,-1.8936146669537857,-2.0238312293131266
-0.23413695694918055,-0.48712538376469605,0.3934853854217496,-0.4532280493272752,0.21329370737293857,-3.664015135626386
1.5792128155073915,-0.5923939242388692,0.8951932200277323,0.6963874474567153,0.0012054753622242368,5.563418932947835
0.7674347291529088,-0.863990769679816,0.6351718016819695,0.9553052085705107,-0.8170886310681906,2.725404534450087
-0.4694743859349521,0.04852162794482699,1.0495527153193351,0.08840688629184736,0.6592456684324051,-5.506189805819716
0.5425600435859647,-0.8309501164110378,-0.535235211560568,1.4775300810552618,0.9375701376265584,0.1862073222112428
-0.46341769281246226,0.2704568257798388,1.3173940656343257,-1.141689114133505,-1.6075598643689741,-2.121769363381824
-0.46572975357025687,-0.05023810944913695,0.19759960469239965,-0.19365945927971812,-0.7627247785662142,-0.5601386700356259
0.24196227156603412,-0.23894804686640975,2.0752608726252655,-0.7168223206028049,-0.7691423497872982,-2.8846602022721646
-1.913280244657798,-0.9075636620415979,-0.6891878180895679,-1.86653661707306,-0.9399031011088647,-6.343111956738164
-1.7249178325130328,-0.5767713305683327,1.7359638031652493,-0.08268068584269925,0.8294748419317485,-10.698806718717256
-0.5622875292409727,0.755391225825756,0.1979107834626478,-0.12174750838328353,-0.19382613877280352,-0.4865244319294847
-1.0128311203344238,0.5009171876243808,-0.6514180036144483,1.513449743242131,-0.26451484131061076,0.6297890381219642
0.3142473325952739,-0.977555244798551,-0.48388583405432156,0.6308116845547775,-2.0038623644067535,1.134164610881029
-0.9080240755212109,0.09933230542922587,-0.32034730819432017,-1.024186824329205,0.6354180302092264,-3.7460298783207833
-1.4123037013352915,0.751387123371789,0.4241659464019164,1.8540925663341883,-1.2392583948534726,-1.839184619120819
1.465648768921554,-1.6694052811213718,0.5228354880354996,1.221033695525353,0.05993263026632825,1.9272866280208059
-0.22577630048653566,0.543360192379935,-0.573700003938579,0.5820977034686158,0.2773769379581917,4.403196234815926
0.06752820468792384,-0.6626237589458467,-0.02435459226098284,-0.22648409884983192,1.360658595838651,-2.1891377684449753
-1.4247481862134568,0.5705986685931593,2.1422703586118637,-0.9594392367234797,-1.308820399119112,-7.213383869582606
-0.5443827245251827,-0.7632591565425169,1.7275431701007113,-0.372206776071053,-3.0195121558208253,-1.9856725804853457
0.11092258970986608,-1.804882100664519,0.4363236696740321,1.088748619704186,0.18384954475369486,-2.1141353919471166
-1.1509935774223028,-1.6275424378831627,0.03800347816820029,1.884586305934609,1.8005111815108537,-6.203151228041549
0.37569801834567196,0.048084946661381994,0.1200313267182613,1.543243528272189,1.2389463529394373,1.3138686138986637
-0.600638689918805,0.25972250172148187,0.6135179727304166,-0.4888494217862741,0.20965941527462578,-1.2254955335640543
-0.2916937497932768,-0.9043166251044086,-1.0227925651984056,-1.1196174332890112,-0.49163618563204736,-1.6225900158382998
-0.6017066122293969,0.6385924587773739,-0.2573765374233451,0.14088624691120394,0.8071225966373103,-0.7146841152997944
1.8522781845089378,-1.6615200622689599,-1.6685840738775894,-1.7684393655628516,-0.9735461997044687,5.228845425092095
-0.013497224737933921,-0.06607979864731657,0.39922312260527926,0.32316771418478146,0.47635776935621926,-0.6956401229327248
-1.0577109289559004,-1.2110161997624567,0.647195939702741,-0.14760258629866868,0.5054701591666269,-7.927381737441849
0.822544912103189,-0.6518361078021592,-0.483186462299374,-0.46603650186824225,1.0602099074988798,0.39380559510674235
-1.2208436499710222,0.047398671316414016,1.5739867632900328,-1.5947030672667954,2.7596600389110777,-11.621850884263148
0.2088635950047554,-0.8604133652839524,-1.2257656630023412,0.5136001065697166,0.39241596717876703,2.703299707078982
-1.9596701238797756,-0.38455554422982535,-1.4643748802098202,-0.5327008396619114,-0.5089636257074988,-2.4240438045025403
-1.3281860488984305,1.0062928092144405,0.22445181855997204,-1.169916835710288,-0.025574312191994436,-5.074984240377796
0.19686123586912352,-0.5768918695231487,1.0470983026121545,-2.8722622132816493,-1.7690759048891183,-2.488935275660191
0.7384665799954104,0.8356921120651418,1.6839276914578687,-0.027514905050636255,-0.6947131310890582,0.20314650368539477
0.1713682811899705,-1.129706854657618,-0.45888426286894,1.772251596669744,-0.409282438113104,0.38774837971754983
-0.11564828238824053,0.5298041779152828,1.0786808334312956,1.66125921454787,-0.5240883979345925,0.031296151581048065
-0.3011036955892888,1.4415686206579004,-0.03850846950070721,-0.45709625658627184,0.152354872033722,0.4790731430550949
-1.4785219903674274,-2.4716445001272893,-0.17262729994081963,-0.6022120603617805,-0.8224199323822006,-4.865927364496837
-0.7198442083947086,-0.7968952554704768,0.8836599374866724,0.46877425607502377,1.1210306673244714,-5.659452953931836
-0.4606387709597875,0.57707212718054,0.6523228784134196,-0.9983854391882915,0.00020706491819709385,-3.9975282089420983
1.0571222262189157,-0.2030453860429927,-1.5763921569842494,0.30179189981946597,-0.009300321138614417,5.707402814611725
0.3436182895684614,0.37114587337130883,1.4765403497258958,0.7660802783846903,-0.32789471651291785,0.6622141572632082
-1.763040155362734,-0.6039851867158206,1.3800913541474515,1.2269332238843076,0.15519068385897913,-6.07152042311024
0.324083969394795,0.08658978747289992,-0.6255627015095294,-0.10015407647995278,0.8250982646676347,-0.3029624986102888
-0.38508228041631654,-0.15567723539207948,0.39580353343740904,-0.20367375017696587,-0.8671302157109003,-3.1826768876394245
-0.6769220003059587,1.1677820616598074,0.4940301862827388,-0.877982586756561,-0.6581164890752567,0.6911656118631984
0.6116762888408679,0.2544208433012131,0.2606737658239071,-0.82688035403986,-0.30372602877666466,1.7878937284976226
1.030999522495951,0.3376026620752022,-0.5503051538454201,-0.22647889190152676,-1.345870923473215,5.265582131061766
0.9312801191161986,-0.4118769661224674,-0.6716233679380516,0.3673655068161781,-0.8192578597214978,5.330902567282172
-0.8392175232226385,-0.48760622407249354,-0.025554070991445278,0.9135846262332494,-0.47622087354465903,-4.531368753570453
-0.3092123758512146,-0.4325581878196209,1.1727290192593647,-0.8031789506803448,0.8743891807127275,-5.610367118604192
0.33126343140356396,0.39445214237829684,0.5436001545944323,1.4926885689595217,0.26256132900192497,1.7051666317976653
0.9755451271223592,-0.42098448082026296,-0.37061433208610595,-0.2711236010425688,0.19358991136754436,3.511450689371616
-0.47917423784528995,0.2897748568964129,0.7716987106483447,-0.021367294348436157,0.8508979621679722,-4.598325191860793
-0.18565897666381712,2.075400798645439,-2.8485426206300755,-0.7472116791478234,-0.13737178839939665,7.905973473401233
-1.1063349740060282,0.8711247034316923,1.1487657003721035,-2.4242402602729416,0.3904648499288896,-7.643223921807362
-1.1962066240806708,-0.32602353216784113,-1.7397137787780996,0.8840453963610497,-0.10322175293249623,0.48825856334457785
0.812525822394198,1.2012139221639448,-0.36244094140313216,0.7368438970924334,0.26536234939962844,4.339974209266144
1.356240028570823,-0.4080753730215514,-1.1196698946261439,-0.2813275571182134,-0.5827586576115821,5.762094319711537
-0.07201012158033385,-2.038124535177854,-1.2946814757209058,0.06699071722487192,-2.438817158276429,1.3005035528554127
1.0035328978920242,-1.008086310917404,1.1608267873785194,0.5159392177040995,-0.13427916218630415,0.4018382631534292
0.36163602504763415,-1.8707919210258557,-0.46770120131189136,-1.5625458568865427,1.42274813609994,-2.8847607359445955
-0.6451197546051243,-0.35151348404130867,0.3465038817307158,-0.5290526773462948,0.9262154022415924,-4.924958447863128
0.36139560550841393,0.0184183791895517,-0.04692057887918407,0.7942646796218271,0.9653974845911707,0.7208283002160227
1.5380365664659692,1.6764373122752827,0.47704082722312147,-1.2542894231692494,1.2361307218062179,2.2393041940281835
-0.03582603910995154,0.32692737376416264,0.07682189106025536,0.2935579321666293,0.08865759096143744,0.05804974976867011
1.5646436558140062,-0.21910052880886424,-1.2829922241885696,-1.356581804623405,0.1973157074055956,5.559015712978678
-2.6197451040897444,0.8294055811834892,0.99626681944714,0.46642998243352635,-0.6176518954343502,-4.872541227890261
0.8219025043752238,-2.211135309007885,-0.4937565831613125,-0.03564148229748357,-0.31607285602704976,-0.6246750684432221
0.08704706823817122,0.23561455810856594,-1.556581898659751,-1.6151318159055095,0.6157711497711416,3.1608732454995243
-0.29900735046586746,0.7708651938869668,-0.4281151609659125,1.1647393544571714,1.2038844371688162,1.5994949937936385
0.0917607765355023,-1.4785862457798415,1.5007597906343109,-0.7345915767980492,-0.13944627568099954,-5.083817946462981
-1.9875689146008928,1.143754043206929,0.8502217421134929,-0.810252437014381,-0.4501892648514116,-4.296873510813949
-0.21967188783751193,0.3384964074944141,-0.3486521344078592,0.20056919723094285,0.0005279588565972928,1.077960496308504
0.3571125715117464,-0.4152879139008013,-0.3492577043184288,1.1486373494287152,0.6012067489291149,1.733542228816858
1.477894044741516,0.6327818661062848,-0.3216350512173826,-1.015821818978397,-1.4438548161335418,6.8929727069787265
-0.5182702182736474,2.270692857804396,2.076747983560841,0.06167984984797165,-2.296180953137238,1.7260625708256603
-0.8084936028931876,0.18186625505849516,0.38193545223155334,0.42881650033057295,-0.5505368494915835,-0.8163856770896847
-0.5017570435845365,0.24822058630033608,0.43004164719106963,0.6931056072631441,-1.2207124259141586,-0.5993614362739518
0.9154021177020741,-0.4593608995402441,1.0302834540318422,0.1764415552772252,-0.5081401976473109,-0.5717276174680421
0.32875110965968446,-0.8498443694647918,0.23878915902651351,-0.3670278390833223,-0.14778031881747153,-1.0853580693525107
-0.5297602037670388,0.8303358165442456,-0.2590421458207031,-0.8275902206487197,-0.4532484090230134,-0.7439052449323479
0.5132674331133561,-0.8560838259088672,-0.19634984908497827,0.08614388304637476,1.4524675344707454,-1.0891942508964259
0.09707754934804039,0.07156623721939247,-0.07160125941406395,-1.072139011985607,0.32674476460232005,0.5294177302742075
0.9686449905328892,-0.4776574467651167,-0.03722223650984159,-2.9213504834946074,0.30047435961082836,-0.8910579989447946
-0.7020530938773524,0.47897982574639186,0.7276295436369798,0.4365598041576678,0.6222071440434019,-3.283172741123952
-0.3276621465977682,0.3336621052869483,0.05194588580729943,0.9039348410861953,-1.1388331177807691,1.5613852955367933
-0.39210815313215763,1.0375399442578992,0.7326400772155792,-2.3629324355418384,1.0391117874202687,-3.3741439085732914
-1.4635149481321186,-0.510016398854747,-0.08071658010858232,-1.0097307047099375,-0.07576428653545988,-7.957893036371315
0.29612027706457605,-0.26987493529337125,0.07863519031609059,0.6191542610051978,0.6704806172412126,-0.5896755790291035
0.26105527217988933,-0.9787637157823074,-1.9982006845321076,2.0574954697116987,-1.0718572330401555,6.45493035962744
0.00511345664246089,-0.4442932600761116,0.9163276747024814,0.020793707675407894,-1.5537587660160643,0.5974695721947169
-0.23458713337514692,0.3773004930448522,0.3464884758979927,-0.7280029412291344,0.8178896580250287,-2.886560002473695
-1.4153707420504142,0.7569886166453519,0.9980101098596522,-0.18289644110484016,0.3764095260975166,-7.581210811145286
-0.42064532276535904,-0.9221653241776254,-2.8962553781936893,1.3748764191481848,-0.9020515543575104,5.94940124833856
-0.3427145165267695,0.8696059201056602,2.0883747047807275,-0.6459641791245353,-0.8696630812746944,-4.009022113578898
-0.8022772692216189,1.355637858804951,-0.13958962815517376,-0.7991920066502536,1.1254347844147694,-3.27373776885537
-0.16128571166600914,0.41343490322370086,1.1081828167375165,-0.4827435221820324,-1.1894118928673278,-1.6633163496555659
0.4040508568145384,1.876795812558066,-1.0399059271255309,-0.9533286082587124,1.6426729532559634,3.1887623553617996
1.8861859012105302,-0.773789199103573,0.6127739050625697,0.12267031599479553,-0.9006207346478687,3.8464625646861585
0.17457781283183896,-1.244654703311417,-1.0534155631736561,1.6246784584695606,0.638391925608383,-0.9083110911777763
0.25755039072276437,-1.7787202489042786,-0.6237689606958051,0.3230792731160291,-0.3286184757489846,0.9019805064822224
-0.07444591576616721,1.496044311489183,1.9140313538667861,-0.2523535021262876,0.6031874310823431,-1.4581666655194188
-1.9187712152990415,0.6543656563540577,-0.19068240076334658,-0.2918112689155441,-0.5441140021141926,-3.322390581095243
-0.026513875449216878,-0.05558467091045507,0.21743287317972287,-1.563190808696657,-0.1627929060722942,-2.7906712091681687
0.06023020994102644,0.2799686263198203,0.8700677306887542,0.883109777147159,0.04091917539572113,-0.6835986147793547
2.463242112485286,-1.1254890472983765,0.49568188797260465,-0.07783719701280203,-1.0021874557814727,5.843962864661152
-0.19236096478112252,2.4457519796168263,0.15041890514357642,-0.18047991359062565,0.7408243454201259,2.3561285089799777
0.30154734233361247,0.1292211819752275,0.3649610024662254,3.193107567844861,-0.5132135664715852,4.2072346177911
-0.03471176970524331,0.10939479460489289,2.403415585238275,0.29875290836568624,-0.22859991534001858,-4.967725861362866
-1.168678037619532,0.725766623898692,-0.05761879703358539,-0.7517910500951843,-0.9943493746085122,-1.6283646170757595
1.1428228145150205,0.4810092317367132,0.2010990467149675,-0.4263575962055433,-2.5623336587953105,6.938778915925375
0.7519330326867741,0.22388402427913137,1.050654396007612,1.1484457091967548,-0.19102776260016902,3.094128547088168
0.7910319470430469,-0.7904744554453119,1.1055259329579838,0.11327041053776446,2.412615421612916,-3.123683345635359
-0.9093874547947389,0.4714683571359957,1.1870303055603801,-1.4382779783173667,0.7846042878980238,-5.698111280556987
1.4027943109360992,1.8820244964750337,0.6387302220291846,0.9192289345752035,-0.01926037973439464,6.596281464733276
-1.4018510627922809,1.3454200461549777,-1.1430049127304835,-0.668144085538994,-0.2628908292082677,1.2899995781388205
0.5868570938002703,1.593186626639397,1.633431532301096,1.8732977762175456,0.02246589281204638,2.764930102316792
2.1904556258099785,-0.5112156764311852,-1.146345393018688,1.0800480657146485,0.54711911517521,7.443641753008429
-0.9905363251306883,-0.9896048202585809,0.30263546523903323,-0.4473218956587512,-1.1808128153088449,-2.598799304289199
-0.5662977296027719,-0.12578692009964815,-0.7542758500193579,1.281016361735113,1.114321694668872,0.006508459405399458
0.09965136508764122,0.055724912288694604,-0.06413834659299254,0.0678555105274033,0.7153813154412441,-0.7363990343541018
-0.5034756541161992,1.0941915184709485,0.3287624103034804,0.8527736751222195,0.7181857257079345,-1.1857614034001247
-1.5506634310661327,-1.6924646297148194,0.32135721545027307,0.48473281729447476,0.4384757388097273,-7.675210756266505
0.06856297480602733,1.5295503194606137,0.42192075423528475,-0.8463566549908735,0.019616657693989903,1.418732377180531
-1.0623037137261049,-0.15800789857898942,1.613711269058647,-0.643549832317462,0.6728612359668199,-7.776326610547039
0.4735924306351816,-0.42688106994742003,0.45353430151397983,1.0299608175811612,0.591814133741378,0.29848745097461543
-0.9194242342338032,-1.0121043752601675,-0.24415663529064868,-0.33477533210654087,-0.3540407109410238,-1.9311300329899868
1.5499344050175394,-1.6548566718657693,0.9640871682883573,-0.4036484632419967,-0.573601772896901,1.6762903797948185
-0.7832532923362371,0.8231705839619146,1.1894704889246406,-0.955122579349353,0.1018562952619867,-4.1896350054439635
-0.3220615162056756,0.07331796718840389,-1.2276078151369925,0.42359906559346105,1.5490201514951873,1.0203736838875912
0.8135172173696698,-1.2899608997410539,0.597400069849858,2.062524919243145,-1.2391070756539009,1.4152346854493698
-1.2308643164339552,-1.295078772063616,0.7011727423108983,-1.0675329142542729,-1.46752526575244,-5.732625554572769
0.22745993460412942,-0.3357846992901282,-0.29756350335999193,0.02421945667275807,0.16476084123651674,2.4047986671846764
1.307142754282428,1.669021525289393,1.3757068133116195,1.4122205554154292,0.05088770185601806,4.524212230870883
-1.6074832345612275,-0.2595913513636048,-0.15005558703252672,-0.07964139124571515,0.1733416643704082,-6.031082595524183
0.1846338585323042,-1.5031429531181062,0.12557645347154225,0.4523717962497339,0.24395319790850026,-2.5349010501068046
0.25988279424842353,-0.24574306408594432,-0.1730718242838696,-1.0623935281468797,-0.22320225463480511,-0.9145277191140326
0.7818228717773104,-0.2727235697476705,0.015579047581467534,0.4283070972076486,1.4898634386020821,-0.3247271911365925
-1.236950710878082,-2.6968866429415717,-1.0962750868952018,-0.18714426500454878,-1.6009039784765156,-4.162770659678048
-1.3204566130842763,-0.05429486651781221,-1.4400508825942944,0.985729995679863,-0.828497024780246,-0.7854969667394152
0.5219415656168976,-0.23093453020867796,1.5945050632249722,1.1873860515647512,-0.10325476014904739,-0.8801543375320076
0.29698467323318606,0.6962063648134184,-0.8469613483183278,2.589563642018614,-1.6431888111541673,8.574940924342881
0.25049285034587654,1.8489560949453452,-0.9913923494563072,0.5796331732135757,-0.17585440443207118,5.274673036110688
0.3464482094969757,1.1265650295477574,-2.153390113603715,0.32579631658216646,1.6614701657280182,6.822129178053873
-0.6800247215784908,-0.26888869055483056,-0.6389617476895022,0.19438430157733602,0.020886488295961788,-0.5242479613544047
0.23225369716100355,-1.1065259087416703,-1.3230897934074983,-0.35316629281068834,0.23070090571868349,2.154358279698588
0.29307247329868125,2.5733598032498604,1.642015160136369,0.33848384346169114,-1.2601647651725802,2.5803770436224074
-0.7143514180263678,0.05921843401448826,1.0098170893426341,-0.29540141013902943,-0.6163614080394775,-2.716022993139874
1.8657745111447566,0.013929291912946203,-0.6881503451777238,0.1684609762696143,-0.375196380323937,6.487588698668239
0.4738329209117875,-0.024125087110003277,2.2524358053443088,1.3175975356079597,-0.31771509675623405,-0.793976833187902
-1.1913034972026486,0.19808476076785494,0.9817654869915943,-1.0065425652796411,1.2816437950037687,-7.411681590874056
0.6565536086338297,-0.14436041192394247,-0.32483138350862245,1.1398785611290454,0.5576910607251245,3.1987077710506915
-0.9746816702273214,-0.5736620068802363,-2.499405714873573,1.3171150673398653,-1.111457956937032,2.426120405316307
0.787084603742452,-0.5468589412403921,2.2909425725907417,-0.11806852699107874,0.24650477843200488,-4.326250143802588
1.158595579007404,-0.03275327021599839,-1.389572466763596,-2.1218548990085946,0.49822174849678513,4.507679966075774
-0.8206823183517105,-0.543424771133765,-1.6453987469568918,-0.6078219870944325,1.1401490385212665,-2.7891710579672617
0.9633761292443218,-0.7128457826771644,1.0225704320096403,1.2969945465611092,1.5805406865683735,-0.6201280448360991
0.4127809269364983,0.10643022769189683,2.439752406339273,-0.022868062298882122,-1.0150941918278686,-3.6488359164371147
0.82206015999449,-0.2549772174208553,1.3842728185105182,-0.9993022322949108,-0.8108575112103382,0.33693045711429603
1.8967929826539474,1.5039929885826886,0.5639091200523596,-0.5047749212282174,-1.2575778589146163,6.691300369677613
-0.2453881160028705,-2.650969808393012,0.594754341665286,0.840620026504553,-0.23401985910698136,-4.396507954117158
-0.7537361643574896,1.0915068519224618,0.8534155587803077,0.5467335682013793,0.4663583744463345,-1.8273915938778889
-0.8895144296255233,1.246085192497629,0.7589285897867651,-0.23893209916969432,0.9873345165891019,-4.389991597375909
-0.8158102849654383,-2.0733902324081495,0.2811914239693758,-0.36682441181468756,-0.07595102364252276,-5.740190785443287
-0.0771017094141042,-0.34268759408034877,0.10420110395187607,-0.3917581490438219,-0.31984752325484395,-0.6228859552622765
0.3411519748166439,-0.37144086599579146,-0.06259312789952241,-0.9224101844985025,0.15175799224874037,-0.8673987132347394
0.27669079933001905,-1.4075116947178212,-0.7539645888666763,1.6153756894694418,-0.835142901630023,1.5126513831020507
0.8271832490360238,-0.7778166875908753,-0.28067507686677406,-0.3223204692113399,2.0895387216947734,-2.851753663620072
0.01300189187790702,-1.1105758454658288,-1.6929568141953855,1.2171585208254965,-1.6076610271180587,5.01162563232751
1.4535340771573169,1.7522704434236227,-0.09833962679474989,1.5213160519224513,0.18474057889572446,6.616248525697921
-0.2646568332379561,0.9356783931474612,-0.9885911071509175,0.9983108981479604,2.0236062192296393,1.0523947591932679
2.720169166589619,1.2715550949941588,-1.103589317215771,-0.4316203127180484,0.006799844559997769,11.65811449696295
0.6256673477650062,0.7216720640432351,0.17989415115347845,0.40373009033660945,-0.19003903500149447,3.829895526762191
-0.8571575564162826,-1.1290517712172292,1.3920022863445993,-0.024195606390916165,-0.3574454228104272,-6.941522375993975
-1.0708924980611123,-0.5245202662797737,0.918316606002313,-0.9037018607301281,-0.18039168176240783,-6.6720303624239286
0.4824724152431853,0.48937456122791806,-1.570500603623177,0.324359281721603,1.3728484746765302,4.666420254871529
-0.2234627853258509,-1.2221278088919454,-0.9896281365703375,-1.1790397911598025,-2.211861911329507,1.5217366935768877
0.714000494092092,0.7129984301723881,0.9407711879882159,1.1876793884615637,1.5334337012963255,0.7561357779548652
0.47323762457354485,-0.24032539815813503,-0.9824873935383096,-0.4646172972983931,-1.423957152450145,4.830521898470037
-0.07282891265687277,-0.3748208075495975,-0.2246331499970246,0.2011596558728393,-0.2666523292344148,-1.386113252728502
-0.846793718068405,0.7109599682034915,0.5500520990245519,0.28328787154614216,-0.42924442029866183,-1.075533118366791
-1.5148472246858646,0.44426331148603976,-0.9683444548636353,-0.25890497370407733,0.5885532697707198,-2.2423769057757874
-0.4465149520670211,-0.3609661658190799,0.1053755061459599,0.5866938014752747,-1.5981243518837476,-0.7213239823573829
0.8563987943234723,1.159329803364248,-1.3340254949182044,-0.47490365662252443,0.46217266608194285,5.7976314795826465
0.21409374413020396,-1.0810633275998973,-0.6013676439512137,0.8712972974572442,2.0243096232868525,-1.5480194687128657
-1.245738778711988,0.6159356069442637,0.31978193414253697,-1.3459796802467485,-1.3631740045928105,-3.028348517092401
0.173180925851182,0.5931012579683838,-1.5929937335316693,0.12637957954641182,0.18970616761039566,4.80249836064265
0.3853173797288368,-0.3095464393139903,0.440474737960399,1.9389289990582848,-0.6619821777966091,3.587571598728469
-0.883857436201133,0.326133022242118,-0.019637798926681216,-1.0003313246055747,0.42588720619303577,-2.352660156830134
0.1537251059455279,-1.251113576385303,0.5524899544171478,-0.6777449705248515,0.01914777741575206,-4.397867458325857
0.058208718445999896,0.924027019206901,0.22391413406466143,0.513907849658915,-0.6414869090443096,2.9158189769053804
-1.142970297830623,-0.18490213644298903,1.3641404299738442,0.17958178193959795,0.487872284871074,-5.547392954862241
0.3577873603482833,-0.5227230205190395,0.12522450264790727,0.3506300992735592,1.804348109786743,-1.4590765866655655
0.5607845263682344,1.0490092258368893,-0.429405541125253,0.4891871301476635,-0.19090379172729868,5.826093179487399
1.083051243175277,-0.7043436905427592,0.12229750303228377,0.6347214685617699,0.7197579421481819,3.6043812776194875
1.053802052034903,-1.4084612963635597,0.5432980290363879,1.1096998419562232,-1.2932729578711637,3.42551512260395
-1.377669367957091,-1.5566291735239037,0.04886007032570433,0.40981865692851255,-0.9564363768180087,-4.840784831442388
-0.9378250399151228,0.6060099513456396,0.04059169120388238,-0.24125765461854246,0.47240627788037737,-1.700448758201207
0.5150352672086598,-1.280429352496283,-0.7019916878067554,0.6725737012027313,1.484116028535965,-0.06954729168901616
0.5137859509122088,1.7547941819843647,-0.6629009175509482,1.8998819348952156,0.35561334878566,6.616423533473406
0.5150476863060479,-2.081929407883722,-1.4026052717996935,-0.13263374638257355,-0.31305803052315434,1.1456078944999413
3.852731490654721,1.6964563682900382,1.7495767431869393,-0.9745293046706415,-0.0007085945766459172,11.388365766612914
0.570890510693167,0.2110174672026184,-1.243863235391285,1.1070806692869728,-1.2504077339697175,6.0846493539172375
1.135565640180599,-0.09671311187039239,-0.6929051977959073,-0.12038116395359824,0.6045153263553668,5.3580820502168205
0.9540017634932023,-0.5449190868089497,-0.7184072655691974,-2.172669546014036,0.8823330623234091,1.1843700035456282
0.651391251305798,0.39913611435207086,0.8949243769444413,0.8474216771504216,-0.45209033283308037,0.58416873787471
-0.3152692446403456,-0.037634702424848364,-0.2949496782920278,-0.5353281859539227,-0.4700421477595015,0.09107689056543122
0.7589692204932674,1.1033018820165215,1.2477420726737338,-0.09053328230416077,0.2658782296520485,-1.055130669920294
-0.7728252145375718,0.11422764866203965,-0.6734906242438685,0.33198033056901455,-0.4367197360405955,0.6150030424030429
-0.23681860674000887,0.1503017614618776,0.27899416222380197,0.1904996797790664,-0.06613261462582246,0.07399886188841687
-0.48536354782910346,-0.36361221221385587,-0.8353470532597573,0.7094518171390395,2.0997217891665154,-2.87527550422922
0.08187413938632256,-0.056945623721067457,2.1451491277733883,-0.43548637056984335,-0.24702570074599667,-4.058504832574506
2.3146585666735087,0.3078017688920592,-1.1875984190295128,0.5131057981760827,-0.3583401520212222,12.575525446134257
-1.867265192591748,-1.7101683926566256,0.3098207102270275,-0.2595466775839172,-0.6475418056351592,-8.723023466781116
0.6862601903745135,-1.348185422105713,0.6337768809320985,0.738810480887503,0.7441919714999368,-2.591940892045748
-1.6127158711896517,0.743264094022715,0.41379909745149823,0.6153674840130534,-0.181224173218103,-2.3594232699031137
-0.47193186578943347,0.17086543812794186,-0.1852876588777083,-0.9354387020445953,-0.649373038321426,1.2045617524598586
1.088950596967366,-0.18398333635267913,-0.12982069973342616,1.0859821161750323,1.321304032273012,2.5374347119001905
0.06428001909546277,0.01843393306539316,0.0438114719791096,-0.535963445114048,1.4196030045136372,-0.9879633131729879
-1.0777447779293061,0.34758170536167105,-0.14700200162848862,0.8080577982811451,-0.6004235657387051,0.29057266055380815
-0.7153037092599682,-0.5397596803093615,0.9638791167949097,0.36728731340134063,-1.8665399513606162,-3.092115322018338
0.6795977489346758,-0.7783047254023127,2.2105230015913513,1.8381836767951225,1.0075136898369221,-3.7734851662182205
-0.7303666317171367,0.19584525509768155,-0.5574917850078336,-0.22346598237185214,-0.684629825760004,1.0913090756800374
0.21645858958197486,-0.978372777615032,-1.3698029795790778,-0.3493167961181975,0.7906255991627686,2.378232684300161
0.045571839903813784,0.40825275571447184,-0.08828204835125482,-0.01941960588773261,-1.9701038177118355,3.8371285067040297
-0.6516003476058171,-1.7025836042378404,2.5797093376543185,-0.30317978283427544,0.8925973382993092,-11.861570110211495
2.1439440893253257,1.0291556373256436,-0.8036745679697308,0.7999419019420501,-1.2111719292807812,13.663335808293924
0.6339190223180112,0.472597482413043,1.6391168054440675,-1.616310608436588,0.7307641190665245,-3.368516647755601
-2.025142586657607,0.25602973431387566,1.6777008140764407,-1.053682419146354,0.014273067836434106,-10.241996184547146
0.18645431476942764,0.9826909839455139,-0.5535882417079946,-1.067802921579193,-0.9539394193966448,3.7733987041447836
-0.661786464768388,1.6654744444625766,0.5689830791852754,0.9503075919735757,-0.4070363129267805,2.1777361838239218
0.852433334796224,1.0143700650181304,1.628396623128538,1.7106133725819253,0.6863184569567008,2.2209463819285147
-0.7925207384327007,-1.8408742313316453,-0.3791277409874871,-0.1044492185374715,0.10589445311523424,-4.176385298526943
-0.11473644146689901,-1.2795769667357015,-0.20358036010236177,-0.16882172319001063,0.5844129804724842,-2.2294784793004094
0.5049872789804571,-0.6248185776956788,-0.5816809139486437,0.07005216311318138,1.9764405845154855,-0.5310765039894308
0.8657551941701215,0.026091050210833786,-1.0147567306928669,1.1618783026081905,-1.5642416117110514,8.030647709870669
-1.2002964070557762,0.517659020469123,-0.6492775450660071,-0.9273531341905741,1.617212574968624,-6.73794327534074
-0.3345012358409484,-0.7257438131534656,-1.2239402667622565,0.23836898273478513,0.10435593752321293,0.12462170836164388
-0.4749453111609562,0.18676676447707832,0.03408346825922607,0.9751976297824297,-0.8987840483231282,0.8871681734447755
-0.6533292325737119,-0.7553829323533225,-0.7699732310586418,0.5010941699398452,-1.3303136257389898,-0.7068780309146794
1.7654542402810969,-0.6115178029919482,0.2337859117907477,0.1895816165987434,-0.1891203907770335,4.676447272796868
0.40498171096095553,-1.4066610968482223,-1.5558956462036273,1.0010460925671412,0.9216501119244593,1.7071302987760282
-1.2608839543350452,-0.9232332461109043,0.33088023221445706,-2.703232292999237,-0.12754912037753421,-6.083313388231264
0.9178619470547761,-1.3516846056163336,0.8335289616089246,0.6778753195309076,1.5111549302473475,-0.6390649259352561
2.1221561970126332,-0.9758732529773327,-1.9937356425714554,-0.6540756831274238,-1.4511756900515589,9.64247470915658
1.0324652605511468,1.0536417966078395,0.37405656984757213,-1.830632896856457,-0.01208894784605456,2.3289080452334594
-1.5193699659540134,-0.949398888831943,1.2276689924732922,0.5112025995249807,-1.252393444413119,-6.599659568749205
-0.48423407286625136,2.632382064837391,-1.2096410186912054,1.3736585451629577,0.3636318826249679,5.126062016860525
1.2669111491866227,0.4933179008808892,1.6725723868377034,-0.13744851462769186,0.8868873900973003,0.2163668294150084
-0.7076694656187807,0.1848361236948739,0.4190190093660452,0.9528745472029388,-0.42076179368105326,-2.1748605087540964
0.44381942814622843,-0.8583577801812136,-0.7050118557584089,1.6122782579886454,-2.6042138566271342,4.738209225089634
0.7746340534293368,0.7003098794089914,-0.05576907765770601,1.3149144535840473,0.19894814679649453,4.921810145328623
-0.926930471578083,-0.5756378262377739,0.5583269125217224,1.639964529371393,0.4367385517335095,-3.3434870334956406
-0.05952535606180008,0.12200981464536144,0.0760053914124115,0.7421274910718922,0.40429475496169764,-0.8433396017986967
-3.2412673400690726,2.5600845382687947,0.5387559924463692,0.0754336389015928,1.235782191822154,-7.488423485999476
-1.0243876413342898,-0.09605989972464987,-0.9206735930793662,-1.6019658118971685,-1.0710536796490489,-2.003791550535319
-0.2525681513931603,1.1492733262856758,0.169360824036078,-0.24606248812994858,0.6802161054504494,-0.13246019182964008
-1.2477831819648495,-0.7031764251258874,-1.4137144969049802,-0.8432465953161917,1.192507512477975,-3.2559474683874865
1.6324113039316352,-0.0349884904969617,-0.11122606134870032,2.1709427174978138,-1.7785875840065168,8.904650008849222
-1.4301413779606327,1.77080063563551,-0.9039076414647897,-0.1758858124323366,0.31965182591897723,0.10404217359343859
-0.44004448669698376,-0.6269670577877674,-0.7355299425897666,0.12320480678448567,-0.5041798310076715,-0.6023741628438467
0.13074057728609134,1.8124485579969287,1.2360931752104374,0.5514853760404675,-0.08152267310164589,0.9812571435590445
1.4412732890661155,0.7077519354554754,1.091310120594269,0.043602446372453724,0.34767648353833636,2.61463827516464
-1.4358621511794394,-0.5624667758942676,0.609138120907177,1.695051040430753,-0.4872285641135523,-5.175426096453447
1.1631637521549596,0.632407739055521,-1.092312764672579,-0.622649361734452,-0.6757080791616118,6.758684436883909
0.010233061019587049,0.9725544496267299,-0.3164084496948019,0.1946074552372427,0.0341524174880246,0.6884325212288778
-0.9815086510479509,0.6218099622171964,1.2130976999791834,-0.7424705856980482,-1.0872459388628026,-4.218441498841605
0.46210347426327075,-1.5702247198904564,0.14171691363990474,-1.3200225112207058,-1.0858251288851855,-1.290363832009695
0.19905969557347003,-0.7271371758248686,2.319329539981694,-0.6117690909052854,0.6793732829565033,-6.693028721747694
-0.6002168771587947,-0.24751863555150475,0.39331783939437187,-0.03703679704841202,-1.148794035158656,-1.8511383049115064
0.06980208499001891,-0.07443342910004629,0.1920491164900316,-0.42930222451725997,0.6663125009092119,-1.4911231022250668
-0.3853135968617602,0.620672097550678,-0.3091164642025014,-0.692420979873856,0.4625912928539512,-0.2363045330920231
0.11351734525124804,0.17770100093325383,0.1335409047822823,-1.4063174636718339,-1.7258067287905967,2.1604529053328316
0.6621306745210467,-1.3353443587101013,-0.1524698363805439,-0.08310557262869477,-0.6775646523356551,0.38514305611063915
1.586016816145352,0.3801978510059632,0.7081086766885905,-1.5047203740310022,1.1941094030473725,0.07222143329702724
-1.237815498826849,0.6105857452838231,0.9567023167945841,0.7600559636896026,-0.9811655311396816,-3.967573516067783
2.1330333746562666,0.5597904479310398,-0.7859894605079495,0.08243975293450329,-0.46440426230938764,8.9467987128052
-1.9520877995225019,1.0807807255546218,-1.331232953557778,-1.4575514994649306,0.4620608932518965,-3.6450619924107466
-0.15178509503558332,0.8339221545489041,-1.8362053731032966,-0.30920907704986345,0.7833905092825955,2.5105067539467365
0.5883172064845765,0.4591800792284367,0.5079913269125437,-0.7521564055905832,-0.2515388860444957,-0.15825604099766877
0.28099186773503265,-0.07016571145864703,-1.1033666061738736,0.31917451041918043,-0.5975101946916416,3.460691262856001
-0.6226995198205938,-1.6609609335159914,-2.152890592952483,1.3404504460231446,1.4223698616985077,-0.5068156309365245
-0.20812225035727522,0.42961821913258585,0.3885786045309641,-1.8751724696457446,1.7388996637975789,-3.748884737873001
-0.4930009346588328,0.20768768716311115,2.4929995174327906,0.11502607914741717,0.9788580507817954,-7.793502158825955
-0.5893647569442115,0.27157883719537346,-0.006070911539893324,-0.1601327955666404,0.08531814256502405,-1.9920700216345628
0.8496020970210246,-1.2767485758203094,0.8384907744516419,0.6713400764504657,-0.8082657216409264,-0.46300550328850065
0.35701548596504734,-1.0810565404082624,0.08182935854756501,0.21319662823768915,-0.8304444065565653,0.4214543502708715
-0.6929095952606542,1.0531528533329035,-0.09888965319114267,-0.7519693317388191,0.5225141052657575,-2.378241225301101
0.8995998754332507,-0.03955515385665504,0.9190764829877686,-0.31905393566661816,0.4183982208886837,0.6171207291807175
0.30729952087660933,0.6815006973726244,-0.29027454418865134,-0.796025856803489,1.4015985929464294,-1.5799067918465504
0.8128621188389601,0.028318376130461172,0.26739231407190295,1.0760071385985983,0.6504500925361392,1.6669152199518156
0.6296288419236122,0.02975613949574519,0.3216978061960136,0.02131164867194222,-1.503080301759818,3.411978142863505
-0.8289950109220723,0.9382838059759977,-0.6680904536430488,1.9011906857530074,1.0519476177229186,0.6990715071412852
-0.5601810401969696,-0.5160447282173739,0.9920423495365228,-0.060660813814620775,-0.9980606273144129,-0.5965171462839192
0.7472936051232618,0.09612077694098337,-0.17495975669540864,-0.7084067669104628,-0.3839712719523516,2.979821631554437
0.6103702654334648,-0.4622752887050425,-0.7557451594928447,-1.5137143926128271,0.2502002062516945,0.13392182379421458
-0.020901593964148132,-0.4344962274323156,0.5365098435704035,-1.803139676255945,1.9956674897839644,-5.720245786016312
0.117327383308782,-0.30917212346863937,-0.8984679817910373,-1.5841359430054898,3.109918556005361,-5.090297426771815
1.277664895788425,0.22213377163371284,0.028181157369128247,0.2671266510114834,0.6067230591361827,3.514866930626593
-0.5915713888358299,-0.4787486216634773,-0.009118996644203544,0.5087250232299338,-0.18319661872038787,-2.680839201666645
0.5470973811700379,1.2557561255735208,1.085895565831578,-1.5811907020321334,0.5345056484805503,0.36216613596503344
-0.20219265243389406,-0.8946073022195039,0.4746982328799528,0.8950383140761154,0.8876554258738361,-3.7965815107740895
-0.2176812032272203,-0.18687164416135904,-0.025026958745143917,-0.4830610516834395,-0.3206676255571917,-1.0017107649067796
1.09877685198719,-0.4397310582741749,0.8177662992002871,0.14679301198554937,1.7952113559123222,-1.6711756887610167
0.8254163489880298,1.4469778843537329,1.3902075490173134,1.6122206282554243,0.23007075919140207,4.6188437188880505
0.8135096360006385,0.19655477651157463,0.5578103063518622,0.8968393158655319,0.49774308909139425,1.4186774397303936
1.305478807154329,1.0318445394686349,0.010352619843380607,-0.2685306479058323,0.6659242520544614,6.26212141366836
0.02100384163275905,-1.485560373036972,-1.3118362323501596,-0.8911922254152874,0.4215866106144557,0.05363747909182792
0.6819529712949639,0.26705026586925884,-1.0651136630753726,-2.151815401329305,0.8389405004696122,2.3305474445479324
-0.31026675659345604,0.889630795623437,-0.30522470435466764,-0.7191533192424201,-0.6172531865469232,1.548209648144014
0.3241663524884421,0.08228398927542419,-0.6095122021592831,-0.21113023882769444,-0.5583017539460305,3.2098046575863615
-0.13014305436768459,1.0654803750653512,-0.186971302985446,-0.987179527151184,-1.100154232971695,0.18450288396534154
0.09699596499271819,-0.5172884501003722,0.056649924897107164,-0.13125696709230472,0.4395012306202264,-1.5095350745354899
0.5951570254369136,1.40934744018558,0.5296927543567308,0.07685188295876821,0.7789365035121141,2.8120224012124484
-0.8182206832334725,2.2988981236192503,-0.07049877805909122,-0.22485598180807856,0.4577728661518858,0.3565732835438091
2.0923872756854602,-0.36283856043965906,0.4865016438262019,-0.6500025808234597,1.6744924333475373,0.8253178672651005
-1.006017381499702,-0.4455025214007718,0.06447441481012024,0.16865467196672768,-0.005596018829046555,-3.7260202466297354
-1.2141886127877322,1.453384477117701,-1.9754665663538713,0.44194064956940904,0.6687416555925126,3.7436120592211006
1.1581108735000678,1.5795721457307124,-0.9393353938187543,-1.090399077442846,-1.0917008761393143,9.4069751316814
0.7916626939629359,-0.5228600271532683,-0.14408755572161547,1.41093237974627,-0.387099702474401,3.4101346900024017
0.6241198170521551,-0.42018681709585726,-1.2096947428411076,-0.09858813228426173,0.6955377575657775,3.6994021733466385
0.6283455092642799,-0.2817846088605072,0.5999287299962045,0.018849622944847662,0.849102110743144,-1.1078477003942768
-0.012246772846914623,-1.344450511034277,1.5307508323436974,0.7082144232565571,-0.29396694766418224,-5.899457460804009
-0.8972543714858315,-0.9186519464841982,1.2187618516973167,0.23321613126350166,-0.07159925185806683,-7.159238718467499
0.07580455819372633,-1.0041407667520679,-0.213442870930208,0.9531366339132451,-1.5178737466808094,3.2949348379692585
-0.6771617115121117,-0.7677975651041284,1.490726136849952,0.2871241652018242,-0.3570292008066094,-5.780492464592345
0.9751197334177512,-0.03468488738678118,0.14866745720211155,-0.6124373746404379,0.8903831635197862,0.7742032794577465
-0.14705738150213865,0.23421473253652075,-0.33708597111803934,0.36150352520610163,0.5752050161065663,-0.11655949890343487
-0.8254971967925115,1.5505004928140769,-0.6134026635409398,-1.1437262073206618,0.5006657213812097,1.464421233984486
-0.32138584165299344,-0.998354040738791,-0.30246968648812833,0.10855970577652314,0.04977368718096008,-0.2036709577247806
0.41293145427562433,0.9843223984765838,-0.38817681854122876,-0.0332299906444608,0.007063158628176452,5.67535204820296
-0.5637245528039747,-0.21398884422550896,0.1704162223754877,-0.2081168572725397,-0.6603211394734471,-1.8861426983511094
-0.8222203955664315,-0.04946370965243295,0.1605739810498646,-0.12853751143893075,0.6988284202025348,-3.5078043379247648
0.2436872114919123,0.6748194921666038,0.0030460201534144695,-1.881849045497639,0.4209729443893898,-1.7900904866673568
0.24496657110872277,-1.1227220215622986,0.43693816974634986,-0.5487249077409615,0.49201884799279927,-1.3755277761758333
-0.5069431753711298,0.3824097461840506,1.1906462747863413,0.09284490114111471,-0.5260348426675804,-3.7907692755639433
-0.4710383056183228,0.1664522082130561,0.9495541354413237,0.15985639199740037,-2.1533429198712444,-0.13387269421198908
0.2320499373576363,0.4924512640081491,-1.4848979684499035,-1.0276751409259581,1.0971527117536957,1.1685967505068944
-1.4480843414973241,0.2891686439078181,-2.553921134901955,1.2657078408647007,-0.47883745600840416,2.1956466043368144
-1.4074637743765552,2.4553001399108942,0.9343199112392737,-0.8661748482145009,-0.8627757640431206,-2.902952328511428
-0.718444221252436,-0.637739984251316,-1.366878698415421,0.9694572005267368,0.6934789119139937,-1.0426694378546606
-0.21344715171184725,-0.5309969550018176,-0.22476540189268354,0.42719436187168486,-0.3920126399191296,-0.7142581296015762
0.3109075655980046,-0.6231405264247644,-1.1701130260593595,-0.646227309843803,1.0599363840466218,0.0010636556195207092
1.475356216949552,-0.5554771191602547,-1.8019804375800197,1.775310892609512,0.6170059495766975,8.709989333644193
0.8576596232020194,-0.6373871273065177,0.541462728204788,-1.19363683175648,0.6835693232004776,-2.3460827240715716
-0.1599385299634271,1.1890165311075518,0.7591551603026468,0.9191541736100015,-1.3659557112005343,2.380410505508262
-0.01901620790268883,1.4205042479898549,-0.5765104007267194,1.0005823180429783,1.2119439853864005,3.790820774006415
-1.0025293646378088,-0.5707462937494763,-2.59104229214491,-0.6706202090766449,0.26125053123385605,-0.04481611950316039
-0.01851313599238993,-0.8323555731042287,-0.5462444482524828,1.3924653000643288,-0.36927713924620315,0.6276020452707577
-0.2886586389201383,0.4714155563864041,0.3918040054025465,-0.2500465145989528,0.14338846734225108,-1.5450885906560161
0.3227185603380895,-0.5522230442809712,-1.4789115687741288,0.28869362927985703,-1.77623523289832,6.639806643403649
-0.827230943552323,0.6329318177555108,0.18335991977915564,0.2603218387712207,0.40865281148067084,-1.9870332153884842
0.5193465142411723,0.2029230208512997,-0.015309849172995557,-0.1343087414705478,-1.0293715081820716,2.4896282943809065
1.5327389130025777,-1.515744114997232,0.5792914996010884,0.8108082731597821,-1.3526702858435344,3.9217451800378154
-0.1087601484568576,1.5475052013300616,0.11958036841415326,0.793488720552213,-1.5223591862178911,3.1151464698630296
0.40171172209894146,1.7958776730955217,-0.9730689408815555,-1.7485319732381808,1.1126883749899252,3.7923974395677105
0.6901439917111125,-0.6127886904843862,1.1965715016644913,1.3043402428781525,-0.6292633936927887,0.965301510513412
-0.40122047188583626,-0.38770155993598415,-0.15852957302697002,-1.6624919880356743,1.5337277099164992,-4.946429922974767
0.22409248181041677,0.28586539072490497,-0.02730453950993186,1.0325462043416573,-0.5358014630522978,1.7860975312273237
0.01259240078179486,0.334456789987025,-0.933267959073196,1.1267051368275833,-1.7073579575929467,4.469511041762459
0.09767609854883172,0.6585442726728304,-0.4432822511915103,-1.0909664302151982,-1.1165244399486591,3.169282727150904
-0.7730097838554665,2.0102045387663496,-0.8848027140269009,-0.4108142879545848,1.2358116200069387,1.8832380127539943
0.024510174258942714,-0.1769472274940494,-0.172946059923423,-1.1057046684859357,-0.15589817793666752,-1.1807918669109423
0.49799829124544975,-0.7982972445384537,1.7117084801423434,-0.21492103028873533,-0.5482872964906009,-2.1824733182468012
1.4511436077950417,-1.3793192280145272,-1.3719011429313563,-0.30803428418574125,0.1600182258527877,2.5027779502520393
0.9592708260852069,-0.7309300399419191,-1.6135613978767411,0.7796605322693398,0.501782736167545,4.445511625853443
2.1531824575115563,-0.033126972873797095,1.4711703274936085,1.3103087461196083,1.1173988159024608,3.143825743178588
-0.7673475628880495,1.7945578635177877,-0.20932367715186612,1.395683810789956,1.4484992298929262,-0.7228939833051149
0.8723206367206782,-0.5176112990361714,-0.6690727386599166,-0.5621680265783021,-0.35976864578908574,2.224172017822276
0.18334200573835174,0.2237879516388985,1.0399046873960764,-0.20922187374452778,-1.3260476860820383,-0.4380012622848124
2.1898029332176723,-0.016422896072752075,-0.6056155397368641,-1.6834381922209503,-0.413465161123276,7.197605902915162
-0.8082982853551515,1.188393273448084,1.8260097135469362,-0.8058700664961888,0.26028050658288615,-5.43868605248999
-0.8397218421807761,2.5269324258736217,0.6779258713392691,0.9648516330974576,-0.9637589262106109,-0.39445784580470655
-0.5993926454440222,-0.5308687729203206,-0.48791140814570266,1.6155828235482317,-0.9571509148950429,-1.2983110753435714
-2.123895724309807,-0.48943944251822213,2.1573082132655035,-1.234348871879922,0.34378788154988543,-13.427352496458736
-0.525755021680761,1.044160877069072,-0.6057149230033384,-0.5924642591528942,-0.04865235157045115,1.2425040971837795
-0.759132661553698,0.6818914896263114,0.742095372009307,-0.02640575695892703,0.03279699541158651,-5.546737337026521
0.15039378647620763,1.8467073257360336,0.2992925804064919,0.2801611588196068,-0.7584953347000695,3.2572503397638273
0.34175597577715944,0.5839281853259639,1.301741289398798,-0.8096035199216461,-0.23040071420576733,-1.5997721888849892
1.8761708392158862,-0.35929209078705954,1.5615111967268527,0.4240610444640897,-0.9242331442683044,4.8032183749150485
0.9504238381860503,0.5906548306923093,0.032004149065766624,-0.47383934707091613,0.8901984111247868,1.8409140797457413
-0.5769036556624031,1.1087035805829077,-0.7534178703461835,-0.014452270878279104,1.0352493347237526,0.5683081109493215
-0.898414671348358,0.820482181197364,0.4599721429391164,0.5462842480036996,-1.8461878622380938,0.409244945048875
0.4919191715065057,0.5072740311072977,-0.6777153697521061,0.0064222698109378164,-0.92951086019241,2.5820836689571176
-1.3202332070206422,1.066674689589154,2.013387247526623,-0.4363858905265686,-1.496529255090079,-4.172528471412864
1.8314587658543537,1.1692955904456728,0.13653533108273744,-0.10960980392583083,-0.6500239344068982,7.882986404669996
1.179440120721287,1.3821589910375272,-0.3653215513121087,-0.08836295920533532,-0.08343796979036086,6.879905787403124
-0.4691756521047048,0.6487098875896427,0.1846803058649084,-0.3700110298821277,-1.44964521969853,4.565980409509393
-1.7131345290908775,-0.16711808031685435,-1.3471262895296965,-0.25879606266710237,-0.9218598131253132,-3.8807461425704157
1.3538723741654128,0.14671368643332283,-0.9716140385106515,1.598647170504717,-1.0039573720814985,10.433278961830206
-0.11453984525261789,1.2065089665083568,1.2004139079444254,0.5609194479412387,0.20726732939894396,-1.0221166582102665
1.2378163119734618,-0.8169356709872361,-0.6568942789713957,-0.29548031802916036,0.06934433703625043,3.7695654329185033
-1.594427658794367,0.3686733088729012,-1.0469109826819396,0.6969544045107356,-0.7217375533372533,-0.7583147053978201
-0.5993750229537729,-0.3933388123273607,0.5366527525272862,-0.33381948975600995,0.17682087213939798,-4.364915764177061
0.005243699718183166,0.028744822934817487,1.185704154662997,1.1731246375866413,-0.5466800845872654,-1.2878770924339453
0.046980593764742055,1.2784518626072987,0.7189533106650667,0.3696421921980939,-0.2716551103260533,1.5719215755977891
-0.45006547147924364,0.19109906801990334,0.9960476858058164,-0.10730214400422888,1.673452090298537,-6.666801104252816
0.6228499323474987,0.04643654815614881,-0.7567950885694608,0.4477169258102776,1.340461051790348,2.951994242437211
-1.0676204293825944,-1.3598561409799192,-1.4218106667418438,-1.5708761520684993,-1.2995812369275976,-2.512422008360911
-0.1423794850212935,0.7462535660272207,1.5013336519554867,-1.1267674689098053,0.8297324178791745,-5.337587625557235
0.12029563171189886,0.6454841811410754,-0.32267983884213575,-1.1939250063990554,0.8113965544915921,-0.4043558839733875
0.514438834058749,2.16325472330546,-0.25083301645504735,0.14294309476370676,-1.1482632887526183,8.039284259221212
0.7116148780888898,-0.30777823495300083,1.328194141849058,1.732514999485092,0.8187776437548606,-1.1150672617949295
-1.1246420918378692,0.21915032766393897,0.5562300094006599,2.2313001461926323,1.5379319184125528,-3.8596853697503564
-1.5341141707356223,0.24938368371075526,0.45588777208160763,0.6380511014407572,-1.1225448062444139,-4.01350415787352
1.277676821898509,1.5774532797634744,2.165002344901084,0.5008444749444569,-0.9175028210142636,4.128806510634872
0.33231401197959165,-0.0952955323869521,-0.643518230380143,-1.801057734152739,1.0176614668435024,0.16450298937444296
-0.7484865365565536,0.27902152577033923,0.9278401280812372,-0.5426737997340217,0.271495310825648,-2.59393215665821
1.551151975522523,0.6078965097165392,0.0570131248970845,-0.7877837519082389,0.5514762752395233,3.983711964034974
0.11567463429285867,0.1866091231563581,0.26859227886325693,-0.620847598251116,0.3405892164004968,-0.14697730363698303
1.1792971840638264,-0.44643361455052827,1.5284684264125317,-0.1681438185847896,0.39069592092814415,-0.6939783429020365
0.06751848141010895,0.19408999289830758,0.5078357562896237,-0.47209057769712737,-1.326472128311083,1.9879847946771525
2.060747924881987,1.073631749859772,0.538296079049633,-1.9792998103757877,1.0473177066214483,3.157045757481255
1.7553408424432044,-1.0265152994110602,1.0725073373098022,0.7479102561175338,1.1695899924277735,1.5210604304513986
-0.2489641484790735,0.132969674146876,-0.3649527295428853,-1.0727430257398065,-0.22939074406802776,-0.5951552989580295
0.9715709509543554,-0.7001208149391732,-0.8392096673390064,0.23924686411114954,-0.04347694981386243,3.722332619089376
0.6453759495851475,1.1950466289248425,-1.0448091940210336,2.0740826697499735,-1.5311075025557221,9.406663803499992
1.3686315575323487,-1.5231869047837747,-1.9663565893760018,-0.9193845915864234,0.5142547560178349,4.653454510109525
-0.9649234605801045,-0.5589218472715883,2.056207129940322,-2.5302875227463297,0.5720574417141441,-10.672495403904335
0.6860514599984393,0.37721187506452086,-1.1032083657216831,-0.2860042218801108,-0.062191016999311004,4.890927950101077
1.0584244868495878,1.5655240292343404,-0.221253623585772,1.100959634998571,1.1243533598705027,7.075728485288256
-1.7587394864231143,-0.0657502610729878,-0.27681329988892067,1.9583474542205939,-0.3340772309799405,-1.8681969249333612
-1.183258512665775,-0.5551995266931984,0.30740669780910074,-1.2295495944524168,0.5646059258936003,-5.789400417792682
-2.0392321777601006,1.8811570694405901,0.8157372125392968,0.4966992232365217,-1.0196643386921156,-3.762018295202125
-0.26940683444455776,-1.448013900416244,0.8604734883597454,-0.46531045678005334,-0.02355215087423812,-5.934414943280811
0.7175422557959623,-2.198805956620082,-0.5830774385689385,-0.10594835430413566,-0.17435425790283585,1.1003396938734884
1.502357052096028,0.4400144500533324,-0.1671217137864115,2.6443433470170348,0.22530792204094158,8.222488222635198
0.07409478041977519,-0.5020542243526112,0.28257995048829965,-1.5029703283951532,-0.3695269288333586,-0.38223016861130077
1.6286155455712918,-1.0212328171307132,-0.24869112618354708,0.25373966149457344,-0.1314725956716678,3.6081578814173296
-1.3801014582148914,0.7083564472993533,1.6073455760199926,0.4676931717654332,0.8260471714415063,-7.139111579413437
-1.7033824393551547,0.24380071377119883,0.49097495163825133,1.0857863249393471,-0.43676423723821745,-5.973134168573265
-0.05554769889661878,-0.5640786307367284,0.7348777860498175,0.09798315347089544,-1.6065771007386793,-0.8687086772923253
0.3840654489393073,-1.2803043986708944,0.6628812686674127,0.3080505395041023,1.7495839042054206,-2.950512531387021
-0.03269474809409311,0.8724573282801447,1.173473857485325,-0.3916485674217911,1.3814540786904865,-3.573905094426927
-2.0674421000398766,0.650201177958661,0.18102155870370695,0.26912694124510733,-1.2922626951056186,-3.182571068265401
-0.08912003951278841,-0.09917586377938291,-1.2968319479558466,-0.3431922754974105,0.6897078052451944,0.8848336890142805
-1.3044695005048532,1.8466369960476658,0.3996879517526416,0.6215718898560508,-0.5029747705513431,-0.517944646180331
0.6696725488300385,-1.0700847663261526,-0.651356893791829,-0.36961033604363397,0.26348721533105957,-0.0529600324633015
0.36659824609684827,-1.5255251709247388,-0.5286166817497568,0.37710039390218647,0.2942241290134937,-0.09743884465759187
-0.9398797863273552,-0.6919080698812444,0.5863640187550933,-0.029262813684978354,-0.234407800316322,-7.7634863627832384
-0.5138669173366935,-0.045586016355497805,1.2382830714336357,1.1260502507721681,-0.7837656655863965,-2.432083078251173
-1.0592135218889516,0.24333944932269183,0.02127157673606165,-0.05139372358848624,-0.6905410523162594,-3.6981135049613583
-0.06267909727317188,-0.24123605785632987,0.3088330125989638,-1.7730324682068814,-0.9161919154812425,-0.28055856324313644
0.9551423205012383,0.3520553965142968,1.702214944635238,1.2619215007139917,-0.8318222082304447,2.774211370216922
-0.9857260463355437,-1.251539424190444,0.24075317948856828,-0.9057323008626189,-0.06717829004935526,-5.493294544934221
0.5040465155178444,1.4437646040732595,2.601683114180395,-0.6537663386488198,-0.7157599891107518,0.33132536747585917
-0.5302576183724408,-0.0821511783925688,0.5655096456315442,-0.5956612940434921,0.6820520657126199,-5.088926948884039
-0.7928728322623442,1.1172958315881276,-1.7607627591558177,1.3744380931708173,1.4872461553359273,3.8810690549558937
-0.10703035995455783,0.34272534637770413,0.7533416211045325,-2.1356742139786955,-0.580053241370043,-1.3939702197847028
-1.035242322419374,0.4567532191537839,0.38115838488277776,3.1377485336599937,0.23940450053537707,-1.1965557692264053
-0.553649305347182,0.5697672802322039,1.2897527540827456,1.0560568090660518,0.49968511030293383,-2.0049590417864662
-1.1978778925888485,0.44770856001731496,0.6731813512699584,0.22323891412915967,0.4720022709192744,-5.762538646491925
1.9647251329163893,0.6427227598675439,-0.13845598398377382,-0.05489400061628639,0.07595526791608741,6.175595822998024
0.03526355197172861,1.3291525301324314,-1.2242982362893657,0.28555407485765694,0.7426824183597224,3.2767505583073224
-0.6997255079925856,0.19652116970147013,-0.20902325728602528,0.5211224283793383,0.4822489526806572,-2.077126763430834
0.213979910734222,0.7090037575885123,-0.8505204542093001,0.645215585950057,-1.2376624223272978,4.351296009796585
-0.11232804969082982,-0.08973569428722672,-0.5805234498047227,0.5556044660034485,0.8691560643892732,1.3140385717370717
-0.22096959953322298,1.4401172154494728,0.5885784044206096,0.08958068125524882,0.8872908372667421,-0.931828644352402
0.6141667000434252,-0.6763923020592697,1.6699045043514062,-0.1973384203073261,-0.7632861041785816,-1.4013198045361248
0.7575077100473051,1.8009404329108156,0.3946715298229811,-0.1512732836535117,0.03793783544760203,3.4476953239885644
-0.5305011476105275,-0.04015795064434341,-1.1958830620351844,-0.194908280352681,0.6833289928110694,-2.056498960931674
-0.57581824064468,-1.4307751021180481,0.4446026682201407,1.1337700968670645,-0.20931381957936157,-3.3345726921710863
-0.275051697151644,0.12810441491078928,1.196631486645651,0.5935567222808619,1.0729780477660118,-5.751244697294352
-2.301921164735585,-0.6810516574748808,-0.6097829043193822,-2.9403886346642802,2.3638724946193608,-11.965367119140437
-1.5151910621985523,0.8406435489887241,-0.1340171666729177,0.655900776529761,-0.7859860326349823,-2.9169847082137585
1.3668742674445247,-0.6526239793023909,0.014688194729197093,0.19473619471877485,-1.3810446031537749,6.892628922711951
1.6449677135012837,-0.4461834332147797,-0.78489831308224,-0.018708756445897416,0.30381859560487573,6.3672380191383136
-0.24903603955637832,-1.889540730945531,0.648280433843859,-0.38851845308888583,0.7215625051261435,-5.94891606012615
0.5765569630557664,-0.4523063192490767,-0.12094814860778157,1.1241127199860135,-0.23086637384476896,3.73314420976645
0.3112501545435361,-2.4238793266289567,0.41953244390702776,0.9475264621228578,1.4532606633210343,-5.373341017879572
3.0788808084552377,-1.5839028234857233,-0.8874921778021001,-0.7728776678236091,-1.3386057997232488,10.16727674982043
1.1195749114345768,0.7604146561442974,-0.43745830032341043,0.4070522871245351,0.6929186230316111,5.0682132349474065
-0.12791759148076653,0.7858001586508322,0.7223813578277714,-0.971656734541286,-0.6058608207588934,-0.4360875735102809
-0.9555404406004258,0.42545756178496474,-0.372833152091767,-1.3796181647889305,1.7193779062072967,-3.377363194113429
-1.6064463202575725,-0.966976143129213,1.7269638512334051,-0.6267172245899651,1.9925153531681183,-11.883630978627258
0.2034636358672231,-0.047711356141979855,-0.39963618561460235,0.8623934723827588,-0.7666565877833479,3.236722590689152
-0.7563507452843033,-0.0036025390905684044,0.22468472575188592,0.9531250453760867,-0.5495571359085801,-2.9567443328296656
-1.4222537095976742,-1.1583646891925428,0.9325908318730899,0.513085420097293,0.8595878869798019,-9.450573249905407
-0.6465728842425266,1.5033983017671506,-1.4183657329330317,0.7250957868479971,-0.3871306497895146,4.0740347414193
-1.081548003614395,0.8773622905756714,-1.7608088119807759,0.5161782871149584,-0.04541121793223822,2.153825514469178
1.6871416350725648,-0.22096417382966393,-1.5256563145700948,-0.6414815952229522,0.02538842054241018,6.10743616811021
0.8816397569494505,0.02688583899453078,1.262584103427182,0.43192254467394064,-1.9196731561976563,5.220902321240544
-0.007972641316617372,0.20838280794755248,-0.5518581458924467,0.8004095252276823,-0.01383774609423725,3.565699550505174
1.4799441388900259,-2.0417348684242906,2.5581992856682523,0.7542913298135743,-0.6897277740641738,-1.7059437441825116
0.0773683076476183,-0.24717738252059693,-0.5642475986573886,1.188913371474643,-0.493122822399772,2.604748991819922
-0.8612842013282637,-0.6819842479977986,0.18455130319703697,0.7083038472010638,1.4436320034688142,-5.3538558786784405
1.5231240772696573,-1.0016200098949155,1.5421099525678756,0.3514482075415829,-1.2565068942792563,0.8197706909769856
0.5389100436846587,-0.2811002928859549,2.006092888159123,1.0701502383164274,0.8132051867479773,-2.8593515995187704
-1.0372461543264564,1.7976865268495226,2.061503576636398,-0.026521259249060063,-0.2789629303318085,-3.966924776836209
-0.1903386780836082,0.6408428612670098,1.2083662305931424,-0.8818746512277178,-0.2797601684958344,-3.638032297805392
-0.8756182533847572,-0.5711789897827968,1.0240625258114624,-0.16306696394376388,0.7903718960517113,-6.276471725623559
-1.382799730964336,0.5725827813561586,0.5925269492011831,-0.7449026448064491,0.34005129456889044,-5.633821637413712
